ra,dec,z,z_err,vz,vz_err,r_proj_arcmin,r_proj
168.07776,2.610634,0.07387007,1.73774e-05,-672.5913138060479,4.836011131725417,17.11641705017523,1.5154054216813138
168.57174,2.7231831,0.07284737,1.273208e-05,-957.4580739532703,3.5432504638218925,17.209269688495567,1.5236261486661478
168.97656,2.6715762,0.07607591,9.277027e-06,-58.16822374723443,2.58173293135436,38.20739188284616,3.3826991149981898
168.833,3.1228614,0.07546836,1.503833e-05,-227.39751887527225,4.18506400742115,45.41221698640308,4.020579752761922
167.6473026469735,1.604792877048705,0.0752149472829147,1.361567850559215e-06,-297.98406399719914,0.3789149862409689,70.14201274480257,6.210037187661621
168.4696891704966,1.299187382687728,0.0785394921973967,3.471529035198492e-06,628.0473613987249,0.9661026999624746,74.57773154609599,6.602754442729029
168.0093866360469,1.333903117823551,0.0736828197036457,1.024169760513011e-05,-724.7487258125573,2.850194138718954,75.0621624191348,6.645643627380281
168.0351224785305,1.328315259573543,0.0751856040663658,6.948395375007656e-06,-306.1574354947849,1.9336907351598296,74.97675841272584,6.638082366517914
168.0052325203714,1.366344381278156,0.0742788453497756,1.427179795094069e-05,-558.7294681830675,3.9717434000762575,73.26324672874037,6.486376265386236
168.0388074562956,1.326568348738077,0.0743663693572405,9.45035914885489e-06,-534.350197192914,2.6299700785310454,75.02222596954164,6.642107845793588
168.0376299283765,1.329790869246884,0.0731510090753728,4.695217608677705e-06,-872.8812873535367,1.3066468298732017,74.85294597601337,6.627120607563595
167.900956499406,1.431048078611037,0.0744186447641996,3.030413451448588e-06,-519.7892058799042,0.8433432610710355,71.67721382539362,6.345956523704841
168.0069958245303,1.516928578596293,0.0748207303627398,5.288004632865938e-06,-407.79074909100876,1.4716153894803166,64.6201609624806,5.721158930949263
167.8459293241315,1.682989180089938,0.0750074119811861,9.126049205559503e-06,-355.79173879880386,2.5397168475583034,59.58460113470396,5.275334630113171
167.992800158627,1.544868324787003,0.0755077513362422,4.932298158914643e-06,-216.42530577936387,1.3726247195495296,63.32079211486328,5.606119049023571
167.99165547015,1.546556552343577,0.0749561582528412,7.209702534454356e-06,-370.0681478523653,2.006410723874125,63.24911516930497,5.599773116250945
167.9892907609564,1.5693311538858,0.0751348834813368,6.7028307523631e-06,-320.28534077490946,1.86535178637192,62.01710635226541,5.490696968162942
168.0199019944192,1.567105982596863,0.0752431484739641,5.33775276127179e-06,-290.12879663967834,1.4854599521164535,61.520931642140425,5.446768040536301
168.061224089754,1.7048392028956,0.0751471402966692,3.624186545468061e-05,-316.87128066591964,10.085862371432452,52.9012634906597,4.683623989327645
168.0960060768109,1.407221548628009,0.0740269516488108,4.274486711560603e-05,-628.8929007589282,11.895603093396854,69.50748733708949,6.153859353233759
168.2326784544597,1.462237840293039,0.0745092526072261,1.240480620071831e-05,-494.55095156594336,3.4521724120737405,64.87519128657678,5.743738091920603
168.234871176214,1.462130031764473,0.074641959859746,3.711388634854386e-06,-457.58616709993754,1.0328539800151353,64.86706101892788,5.743018277041196
168.2343816200795,1.463311963442012,0.0744089560090142,6.36139101148608e-06,-522.4879487170244,1.7703314503208014,64.79980454596952,5.7370637116981404
168.2463356229121,1.49267912837277,0.0746252085675698,1.489859450747475e-05,-462.2521359378335,4.146176579074606,62.97159422417709,5.575202743628913
168.0996567872199,1.636143016297939,0.0719616796697237,1.557216093136871e-05,-1204.1616379305194,4.333625491104464,56.13845857270969,4.9702297061665215
168.2146792291649,1.628411299343966,0.0747062362988348,4.587274541446289e-06,-439.682362507168,1.2766070152447928,55.1311351592548,4.8810461254170425
168.3119081415828,1.709737656651381,0.0717929271469156,5.987257343926409e-06,-1251.166609514574,1.6662126189034532,49.6817787353533,4.398586259824453
168.3588802078361,1.748938903327344,0.0806352404714886,6.061255511917322e-06,1211.805082064307,1.6868058010901636,47.26793810786075,4.184876395005556
168.7948649922664,1.44212984076123,0.077771711696994,5.528933447512884e-06,414.186851323502,1.5386642247252924,70.80580296257214,6.268805987926203
168.7123550319793,1.553337330498484,0.0773797367655672,2.546047368717944e-06,305.0046583299731,0.7085475052090753,62.80257876089343,5.560238925637261
169.1525201372526,1.750921011114512,0.0751520622083148,7.116146778604173e-06,-315.50031261643085,1.9803747992404928,67.2133402283994,5.950746578144661
167.444406592477,1.748369405137062,0.0749202859140722,7.163745821233927e-06,-380.06016596523335,1.99362128605768,72.1724524106131,6.389802571324938
167.4258822942544,1.818909857896001,0.0751419637022531,3.040832914069896e-06,-318.3131890260578,0.8462429259934774,70.34604788374398,6.228101479671971
167.4985145006349,1.85781272094039,0.075413396976197,6.151111052039402e-06,-242.7071292386761,1.7118119810870325,65.47843956313412,5.797146799259008
167.6071848224794,1.927380307921061,0.0756568451974801,4.57194860418296e-06,-174.89613279737404,1.2723419121102857,57.78518329314329,5.116022810064757
167.5703322260655,2.007913355698981,0.0754888495718551,1.043917191158053e-05,-221.69027535208164,2.9051498826290896,56.67155177705006,5.017427220094275
167.1810228877921,2.253762609688171,0.0741706320226963,8.598927806616866e-06,-588.8716211994252,2.39302258069115,72.31250549312729,6.402202199117542
167.4429422142905,2.355546430478122,0.0800616199109899,3.325908349903092e-05,1052.0266224739107,9.255774628672798,55.65968031156777,4.9278409766449895
167.6342619237899,2.214530482269449,0.0755443496463338,1.436638626397712e-05,-206.23107284433055,3.998066678286768,47.256231395238125,4.183839938852005
167.5143314414845,2.353074469051092,0.0784629870504956,6.679499186308632e-06,606.7373258728604,1.8588587716999905,51.500999929410185,4.559651373663984
167.6121621836103,2.303898232229697,0.0788522761878608,9.66870793085095e-07,715.1714075407282,0.2690735045691358,46.58838572653073,4.124712088424032
167.6462690049915,2.305278742661725,0.0796426382391923,6.561224052672769e-06,935.3218689723504,1.8259436139163547,44.61621876893234,3.950105890687413
167.6226829080745,2.34299698304815,0.0788347669132154,3.715538963107464e-06,710.2943073737586,1.0340089878777727,45.3290338929052,4.013215120870247
167.6504152628818,2.338648488048775,0.0797103733967215,5.979678432388184e-06,954.1890781963693,1.664103459848289,43.7944092270693,3.877346817823157
167.5646182370151,2.394638883699054,0.0791635971704996,8.717797335514368e-06,801.8879419009185,2.426103154595835,48.05545175711348,4.254599074128604
167.3215693111837,2.462722407006518,0.0795218736358096,3.873678935613739e-05,901.683635564612,10.780182566643058,62.02023695547479,5.4909741367469245
167.2638768893283,2.515502507320485,0.0764255306448891,6.941098411156756e-06,39.216444669840946,1.9316600402106,65.33045379314775,5.784044849387629
167.622008271663,2.413603390602078,0.0790327962458362,9.015356291818408e-06,765.4541532697225,2.508911769522748,44.470561360531306,3.937210082776684
167.6069413023711,2.568331953916393,0.0769035754016673,7.652161005847464e-06,172.37285521914228,2.1295438791783297,44.79344793402043,3.965796910418192
167.1336521760661,2.629842115130044,0.0771741299806558,9.952332603403182e-06,247.73415996095352,2.769665845102926,73.33383493752443,6.492625806629861
167.145114309042,2.681232183317134,0.0754849334721656,5.437493107244037e-06,-222.7810807016086,1.5132170057265406,72.94929511996614,6.458580496640512
167.1243065938886,2.809195419944746,0.0755833137846234,1.718942919766381e-05,-195.3778530961307,4.783700147772859,75.467551612788,6.681534841070169
167.2154895342339,2.959954353517012,0.0728291877611025,9.694852282475506e-06,-962.5226241507386,2.698010839278897,72.78003876768858,6.443595351493398
167.1927829564316,3.03063090197486,0.0746370503099227,2.23405935795824e-05,-458.9536918402792,6.217233834763191,75.61399959373007,6.69450064247962
167.3033124505596,2.653404135961185,0.0775367244548648,1.386385465520122e-05,348.7326082988855,3.858215581224829,63.338929197665045,5.607724819292588
167.3641390946802,2.620802242391621,0.0753541881965487,6.720021483094412e-06,-259.19936863506274,1.8701358487275728,59.51991949622502,5.269608028257953
167.4005729674076,2.647317397851381,0.0766336726399688,0.0001395985777674,97.19311015232019,38.84932590929499,57.505464603774,5.091257859714856
167.498184359735,2.654113039569745,0.0759177751017673,5.09351370681011e-06,-102.2157216701445,1.4174898998543903,51.75204600142302,4.581877788076816
167.537713193557,2.637633200807291,0.0777471025692154,7.832872149747787e-06,407.33213097507206,2.1798345500225755,49.27491945632216,4.3625648918303375
167.5960713629529,2.64024097981076,0.0739678617435573,6.035364115139147e-06,-645.3520284278179,1.679600403099948,45.826421918865,4.05725146965804
167.5565184767701,2.650779594470948,0.0764298469631024,3.840661586684759e-06,40.41872841403308,1.0688297551070756,48.26176602661288,4.272865149420711
167.5563663884897,2.672550749428453,0.0807313092861587,2.524918451526302e-06,1238.5644562564019,0.7026674725954458,48.47282639021677,4.291551421107697
167.5687462898529,2.682775703199078,0.0767915209241765,1.001697992674527e-05,141.16077351112116,2.78765675141334,47.84988359108661,4.236399055257304
167.4981920694943,2.815618796960392,0.0773361531952681,6.821823847993611e-06,292.864724364242,1.8984667480501696,53.928598910414735,4.774579337074684
167.5249735050945,2.808418199669248,0.0769109722850948,4.473931869671214e-06,174.43321135210397,1.2450645277378147,52.26885135812649,4.627633254142324
167.5781659311456,2.739301821104603,0.0767451471080263,4.630626631009654e-06,128.2436338197435,1.2886716041770836,48.03810531666157,4.253063303538844
167.652784198016,2.782232341253543,0.0728208622445917,1.430408102503441e-06,-964.8416452859559,0.3980727557987313,44.51009178877304,3.940709917181473
167.6280411672806,2.82030371581511,0.07719380731599,5.542954933957001e-06,253.21516002449525,1.5425663081512988,46.69454071410375,4.134110541571971
167.3648534708523,3.035270507598369,0.0781154943488203,1.360492525680753e-05,509.94538287779864,3.7861573070892938,66.3752216483845,5.876543581311663
167.5268420140113,2.988038093205702,0.076342041356902,1.257937609730671e-06,15.961019837644702,0.3500754015948064,56.46303242807386,4.998965917647757
167.4684877932394,3.020147655167224,0.0762321112938003,9.30858518128548e-06,-14.659319380660335,2.5905153565729533,60.45509638117453,5.3524041016142645
167.4771449149439,3.018785085353921,0.0757198072584879,3.784084616593714e-06,-157.35844009034113,1.0530847727069703,59.9609606276057,5.308655693415884
167.5377521005219,3.005353963713201,0.0762473381484099,4.031102775011737e-06,-10.417973199112359,1.121828230522747,56.40055280999552,4.993434272111023
167.43276087284,3.175501920524134,0.0784674690335949,1.354292939393325e-05,607.9857545465001,3.7689042840259503,67.18440255313243,5.948184575252241
167.6644006325256,1.911650037055117,0.0754074244422889,6.484269509672707e-06,-244.37074162184942,1.804527692858824,55.80150877971657,4.940397788561374
167.9440573040193,1.810549530774869,0.0757718906402079,2.499439077209591e-06,-142.85093622010874,0.695576737627901,50.01210385978558,4.4278316610678825
168.0302666197452,1.7660075194843,0.0752894215375148,2.56544256177982e-06,-277.2397209617903,0.7139450542986512,50.14126170527842,4.439266676862296
167.7153247848295,2.066905697240234,0.0749182412914,5.665034753842656e-06,-380.62968296567595,1.576540284000739,47.526023480062136,4.207726035274552
167.8401337864168,2.105201466751559,0.0765873829018385,1.72079306510435e-05,84.29938987341016,4.788848975244016,40.22199681311889,3.561062567169972
167.8603668528859,2.177683967416727,0.0739454654267007,1.117601447478315e-05,-651.5903839789743,3.1102081098654404,36.58248416421792,3.238837583737135
167.8777080075984,1.9781752938606,0.0756550794525689,3.170873943197138e-06,-175.3879701222013,0.8824324517246209,44.01169460298383,3.8965842222254734
167.9434790245407,1.986629451236544,0.0762755950054938,3.33272708181955e-06,-2.547200411945067,0.9274750691520084,41.15628325908386,3.6437798053319264
168.1427474332468,1.821825666653009,0.0759058002874947,1.499318102925499e-05,-105.55123212795024,4.172499358790813,44.71732073692904,3.959056973732172
168.1921089070692,1.824176532007812,0.0798177751121453,5.013948303384256e-06,984.1051618054735,1.3953473942627797,43.83490953519035,3.880932520737879
168.1543138379157,1.89851345739135,0.0759534978275985,4.940646881435708e-06,-92.26537731582538,1.3749481117168016,40.112625183641285,3.551379327984888
168.2049372228237,1.874186081047614,0.0800121893096195,5.707589827081655e-06,1038.25803416403,1.5883830687611282,40.738627352704405,3.606802555766827
168.2077340183464,1.937071544683217,0.0766143897620739,1.838768288757696e-05,91.8219837689858,5.117165924186538,37.02606796427107,3.278110364576724
168.2103581984728,1.937855645931572,0.0758333700639685,1.700889854547904e-05,-125.72622294896371,4.733459706534055,36.94347152634035,3.270797672353529
168.2129964905369,1.938564157908038,0.075122318855999,8.227994628558009e-06,-323.78513945726337,2.289794423531913,36.865643434691904,3.263907146626244
168.4009483227884,1.802538417008237,0.0784491185115936,1.195262682286323e-06,602.8743301312056,0.3326333995230954,44.14239000544514,3.9081553659349386
168.1879348261149,1.985542247720398,0.0807152424757822,1.064096584336335e-05,1234.0891455906615,2.961307748616888,34.529413937774194,3.057068598842398
168.164783923253,2.151675186932302,0.0789303884789054,3.065364271188077e-05,736.9291031284421,8.530698342823962,25.725935284115373,2.277650847901718
168.2238548941731,2.154233290422212,0.0792632718362901,9.230285859172364e-06,829.6517036223391,2.5687251927195813,24.230927611838236,2.145290043337148
168.2663308393742,2.170124872697293,0.0792052181630728,1.742775270929727e-05,813.4812119785934,4.850023945073451,22.608920308212863,2.001685300900972
168.3918004774924,2.105019399261248,0.0790753673867296,1.391362157819225e-05,777.3120812858305,3.872065374265005,26.003239558459622,2.3022020375324
168.4253682987452,2.164222458202565,0.0803473911220053,4.200745669664295e-06,1131.626425960081,1.1690386835800448,22.76054946377802,2.0151098186464096
167.6999517135547,2.269866876642676,0.0774766177142012,1.74162902289029e-05,331.9902474150973,4.846834015464628,42.32767008124403,3.7474887729262494
167.8243511489727,2.282230416100877,0.0794234897352418,1.727055820222674e-05,874.2794085132792,4.806277792827479,35.208400033276874,3.117182769194449
167.6944318158266,2.381051560652574,0.0785561099877699,4.12610283362395e-06,632.6761441350321,1.1482660947005423,40.60080117962752,3.594600087848568
167.8017690110688,2.342913912158894,0.0784615214541755,2.13043279432262e-05,606.3290930818233,5.9288482216770495,35.062443918119364,3.104260515221036
167.8510257108153,2.302729866589666,0.0777183795898595,3.821965366264252e-06,399.33152271175936,1.0636267253054503,33.23651349782583,2.942601398688973
167.8457389500973,2.395961718239185,0.0786234888368587,1.34136179567193e-05,651.4441058465534,3.7329177987159454,31.59144283131037,2.796954736786628
168.0855426816879,2.197968580773187,0.0762982306545698,6.382057852012627e-06,3.7578196487843485,1.77608289017049,25.90919121554621,2.293875448601238
167.9272360743138,2.313905189233419,0.0779241661635888,1.265683891309336e-05,456.6521001441081,3.522311385833031,28.84255231521911,2.553581162779771
167.9094162103203,2.392195331143986,0.0742626295441117,5.112812406830374e-06,-563.2462805646567,1.4228605955928686,28.001114262809164,2.479084275791501
167.9690910205574,2.355959548226045,0.0757096217425418,4.05137883206671e-05,-160.19555256515656,11.274709180148545,25.47203044187295,2.255171331692374
167.7765333361347,2.438982880698103,0.073418119106063,5.96718188455547e-06,-798.4794402375272,1.6606257563697968,35.0831436321826,3.106093168563539
167.8428298171978,2.431427594269678,0.0792094230649318,2.262983397135614e-05,814.6524613863471,6.297727450284639,31.26062939135107,2.767666102429927
167.7750084051439,2.48263105037532,0.0786117105064149,2.805585141011187e-05,648.1633247441098,7.807750856246345,34.831913950484264,3.0838504982303205
167.8371788129549,2.507228857529865,0.0789442766148771,2.139818759526854e-05,740.7975575126613,5.954968718534844,31.003995654548284,2.744944982992533
167.7637719798061,2.533488800291587,0.0789632658057502,3.037263965299351e-06,746.0868791923671,0.8452497120499121,35.353778680110224,3.1300538968937883
167.7065315922873,2.586789187398167,0.0805447414348931,4.996940134630376e-06,1186.5971351087928,1.390614137652238,38.89968089980019,3.44399106217307
167.7452338782366,2.598872805045832,0.0771328034709373,1.601025779380444e-05,236.22291626123592,4.455544840576375,36.65371291749545,3.245143835716152
167.8360121626743,2.527656076100115,0.0793122234679299,3.757241514163826e-06,843.2868778759331,1.0456145215669277,31.027914471515192,2.747062640257228
167.8715486605209,2.548252995530017,0.07666871597203,5.212035479945933e-05,106.95421357369138,14.50473695717792,28.90109533003727,2.558764280356127
167.7691907093661,2.62109780758563,0.0766724377867224,3.8203245823204e-05,107.99090203882766,10.631701063971429,35.39121815611884,3.133368608422612
167.9708983037008,2.433177456653751,0.0747513808480971,1.517701198775177e-05,-427.1076275050581,4.223658252621086,23.76510304167204,2.104048171448136
167.9609292484034,2.434288740031906,0.078964178477506,5.743402450388829e-05,746.3410982655608,15.9834947598947,24.32546402947624,2.153659844062089
167.9667613241808,2.445656282203186,0.0790552081081653,1.91605201793813e-05,771.6968389161051,5.332241237304629,23.8216507195078,2.109054631463956
167.8854006328334,2.513821775260527,0.08029182254105,2.780526167762334e-05,1116.148141396948,7.738013453884045,28.096494117349955,2.487528750372051
167.9449731747562,2.472383667298846,0.0777852937653376,1.376362414677725e-05,417.9700524627818,3.830322118769179,24.794719827392413,2.1952055003891693
167.9852544238247,2.437236668480347,0.0765227688885343,6.519144467360552e-05,66.30155607065696,18.14233154181972,22.87077188750816,2.0248683830715386
168.0398959983423,2.408347168695714,0.0750002692090796,3.636183997420636e-05,-357.78131379484387,10.119250456643698,20.319352816377144,1.798977983109973
168.058411541463,2.457615175344327,0.0797604666833302,8.861437037780101e-06,968.1422533810231,2.4660770977124584,18.31825584701645,1.6218104609708586
168.0300817342077,2.461897766866531,0.0758773246525256,8.944353327920151e-05,-113.48294414201487,24.89152132074253,19.903729827702232,1.762180718322194
168.0235225414837,2.487324315756669,0.0752509865044716,2.843364114498467e-05,-287.9455617158441,7.912887146099629,20.00457911484341,1.771109430216654
167.8883411795864,2.562836961297931,0.0791863958034735,1.937261644212913e-06,808.2383601184413,0.5391266171278979,27.93008620570369,2.472795792488389
167.9389068308398,2.520242057518923,0.078611018171898,5.660906597190939e-06,647.9704792461471,1.5753914463425618,24.87522283476276,2.2023328503171977
167.9155649533629,2.596411318477642,0.0792418990411391,2.908922017175675e-06,823.6984437123388,0.8095330288986108,26.497099884236512,2.345926060675896
167.9432765513633,2.579259315729919,0.0761272855601857,1.772780025423321e-05,-43.857879187880044,4.933525117133546,24.72516814255078,2.189047728000993
168.0415217474961,2.530229061756108,0.0776583042852431,1.094015293310694e-05,382.5979181445063,3.044569461903601,18.70864879460833,1.6563739790034375
168.0590463964029,2.545616163803336,0.0773772154440469,6.119890138219354e-06,304.30235981351876,1.7031234150888737,17.66210590582549,1.5637180941278528
168.0658550435788,2.56119418749942,0.0798305970933725,1.322316423999322e-05,987.6766453792087,3.679915836732807,17.308222184012838,1.53238692773318
168.0733961228758,2.568584393018798,0.0798446288346976,2.554709441768284e-05,991.5851001464993,7.1095810067763,16.902228157222247,1.4964421650199815
168.0138577504054,2.620462385759996,0.0779623628027178,6.277225035623842e-06,467.29153774769856,1.7469086370010694,20.972861715386035,1.856836524752888
168.0640888402379,2.603353237030988,0.0777653027089691,2.23084146569377e-05,412.40166734533165,6.208278661485445,17.806037659257115,1.5764611208292352
168.1813441805018,2.220337264721426,0.0790638121664281,5.056371054650371e-06,774.0934461337091,1.4071533547264483,21.60904847644742,1.9131614474331533
168.2885690681369,2.203316579459365,0.0793470314178174,1.424981031112498e-05,852.982417048534,3.965624390851108,20.38020140540068,1.8043652251617197
168.11457426602,2.34665329923397,0.0772922939256516,5.38142485111606e-06,280.6479960587011,1.4976135949302578,18.31136589496648,1.6212004576821415
168.109775032118,2.363009035927392,0.0788364866958326,4.29895981512883e-06,710.7733421858409,1.1963710060655368,17.95021526094683,1.589225913755531
168.1263924189464,2.357204295224093,0.0800380766112695,7.544724146001641e-06,1045.4687819395194,2.099644938590438,17.3628662748039,1.5372248532876274
168.146107850195,2.365422837290621,0.0770761875601872,3.776112791066013e-05,220.45290446093844,10.50866268385718,16.13369880452024,1.4284002644053944
168.1524870199228,2.360357936879391,0.0787005531033487,4.077957108910375e-06,672.9098806760518,1.1348674700121637,16.03966324689871,1.420074807422618
168.1825731801808,2.378027909611161,0.0807924324537513,2.01770857426727e-05,1255.5899365752052,5.615144455289248,13.990337758328334,1.2386373636476975
168.1852760628786,2.396150055624769,0.0789957128982487,2.301842628962689e-05,755.1248161399028,6.405870024942548,13.149488649542617,1.164192618901499
168.2294551638341,2.389833106521856,0.0823250580360241,1.446237116548541e-05,1682.4933140473916,4.024778617482024,11.533708781155951,1.0211392236950765
168.308687736122,2.211936633888677,0.0794773601251195,5.339965857868901e-06,889.2846724541488,1.4860758417074862,19.67187543879512,1.7416534434281266
168.3277610402586,2.229055932201221,0.0792832153697978,3.636867276571031e-06,835.2068515408133,1.0121151975615112,18.524569106710054,1.6400764468596063
168.3533615927091,2.222876249279341,0.0788524279626416,1.133348776245296e-05,715.2136834672739,3.1540318448384856,18.83062918784305,1.6671735376204573
168.3918642481069,2.220717300354051,0.0804926002852867,6.304658210595082e-06,1172.0735403510657,1.7545431012787798,19.09863483821657,1.6909014717100914
168.4871891268565,2.213360930945179,0.0721527127357514,1.471738305709254e-05,-1150.9505588258921,4.095746676370837,20.99009338706305,1.8583621342661076
168.5116312039486,2.25484562583123,0.0753976361774203,1.428428323755795e-05,-247.09720226581126,3.975217969635793,19.38592480017765,1.7163367461997363
168.5058966243079,2.284149572343146,0.0721847754230329,1.843715007475981e-05,-1142.0196955742124,5.130932302808851,17.69279248139493,1.5664349362598509
168.3563374648081,2.31576356563183,0.076943348953732,9.018200640602544e-06,183.45153216860916,2.509703332264159,13.258424026050683,1.173837234342295
168.3321397643626,2.336849901960873,0.079103606635705,5.303787427028959e-06,785.1779494432682,1.4760076327538847,12.060817946174458,1.067806939499464
168.3608889424228,2.304298291152032,0.0773286632531898,0.0001280033791198,290.7784473196183,35.6224617216512,13.952202670438483,1.235261065981243
168.3161546851903,2.404383876161333,0.0789381412802383,4.729420949169554e-06,739.0885979927865,1.316165384741063,8.25085165900551,0.7304908089638542
168.4068805590664,2.389773924840839,0.0731676067061787,6.447412585119857e-06,-868.2581199400266,1.7942706637624837,9.378042899811591,0.8302869118855071
168.4593895117491,2.308409047965791,0.0750675959738001,2.032531092329681e-05,-339.0278598619959,5.656394505555698,15.096128559111536,1.3365387743132573
168.4871666743404,2.346551138520811,0.077511729429902,6.294448540326326e-06,341.7703986763662,1.75170182012792,13.940139519834055,1.2341930525193765
168.5097797252229,2.337032987514544,0.0761077338627029,5.972693877111997e-06,-49.30388360491721,1.6621597060608526,15.20644839428061,1.346305963079699
168.4176584321243,2.409285055130535,0.0754020098849295,3.782930103360145e-05,-245.87893308816862,10.527634795992984,8.556964229887377,0.7575925469151643
168.5107341861371,2.382840856080234,0.0782313249746799,9.440786139673474e-06,542.2092873604902,2.6273059757903914,13.190977809861929,1.1678658700442228
168.4814346310505,2.396623200045876,0.0801193140103542,5.555109243517996e-06,1068.096957044676,1.545948769068088,11.375687538906565,1.0071487812710829
168.4879299683379,2.402135017022007,0.076012778368674,2.161111810890772e-05,-75.75314921770115,6.014225818805487,11.405082606043996,1.0097512794446295
168.5013504606615,2.385434362253433,0.0732721315827933,5.084055416728722e-06,-839.1433619895115,1.4148577226517778,12.683456024187604,1.122932326804554
168.094409395618,2.470967880502387,0.0788251506520967,1.307090550212134e-05,707.6157573105789,3.637543275172914,16.02790472102859,1.419033763972793
168.1125732546978,2.471610552383761,0.0784742782569554,1.203872542717495e-05,609.8824216021592,3.350294645781526,14.964893934088938,1.324919890426017
168.1139108285112,2.514898586096892,0.0793878361236112,1.161661600028539e-05,864.3483154921024,3.23282448987534,14.425121027243671,1.277130987695254
168.1680249178835,2.472803855127883,0.0782585430089575,5.709639532612905e-05,549.7907024795252,15.889534877401406,11.764666721554187,1.0415871313403422
168.1535757569366,2.498889951008355,0.0798098274233756,9.915918200823087e-06,981.8913822508794,2.759531966833883,12.201058571957974,1.080223171473091
168.1983494390354,2.451731960716966,0.0750519743064988,2.292010811020626e-05,-343.37917867710945,6.378508750521222,10.610123357302989,0.9393694026753032
168.2716172505174,2.428423977437313,0.0782840608125893,3.125935303625748e-06,556.8985288671898,0.8699263368160708,8.145799052418136,0.721189955337912
168.2819211047342,2.415839150500621,0.07856247140251,1.799164889877923e-05,634.4480768689374,5.006952383704794,8.429126438035478,0.746274402335008
168.2784535130772,2.515335257301743,0.0711331205758899,3.131012385683909e-05,-1434.9516493228646,8.713392539009021,4.681858677262728,0.4145092984280262
168.1562006436558,2.568212999144951,0.0797641110013047,1.886924962828035e-05,969.1573556146632,5.251182642378575,11.980365757532208,1.0606840888177351
168.1073466038326,2.572985324073898,0.0800328326087297,1.194544738647787e-06,1044.0080974634095,0.3324336007368609,14.91825747360928,1.3207909220296683
168.1051906952187,2.576444548529241,0.076870786203896,1.260499345793351e-05,163.23962696360493,3.5078831515584907,15.077507844110116,1.3348901855702966
168.1169311723286,2.589113974922263,0.079503357923286,1.623951305398821e-05,896.5261983509452,4.519345005748111,14.52831433126974,1.286267227595456
168.1820815109147,2.584503778547424,0.0764370982962559,2.757705176815402e-05,42.4385424183227,7.674504202640265,10.671382758636256,0.9447930160774106
168.2133620857178,2.532591692238962,0.072576165248671,9.221328868477329e-06,-1033.0004801795578,2.566232523694989,8.40789396907722,0.7443945814308606
168.2396549825097,2.531882478730369,0.074390615378623,0.0001073338192567,-527.5966178854998,29.87026509926716,6.834382189030908,0.6050833999159663
168.2183083837476,2.554383714656715,0.0786201032427259,7.249979502968133e-06,650.5010695389537,2.017619527727681,8.176664283253121,0.7239226147497311
168.2129090837359,2.565137875765124,0.0772580156794955,8.296823872547606e-05,271.10000258454886,23.08949129651467,8.601973682405722,0.7615774678348443
168.28287719302,2.549012027429391,0.0772567862605706,7.66212855649309e-06,270.7575555463168,2.1323177801001174,4.301096046853907,0.3807984024616733
168.2854134761005,2.546062110333578,0.0756512728537903,4.582967030733342e-05,-176.44827467020326,12.754082645825626,4.123643106278149,0.3650875707231442
168.2788059598532,2.556891861286684,0.0749232089926732,3.358749076511366e-05,-379.2459604986026,9.347168116450923,4.641971943826504,0.4109779184712734
168.2099033650455,2.593490437489569,0.077766192748979,4.77676919679524e-05,412.6495824856681,13.293420770302152,9.260556608150589,0.8198852394540389
168.229189325383,2.583912766880061,0.0777785816570986,4.377748190728838e-05,416.10043622360763,12.182972701471718,7.974999260796622,0.7060681614784529
168.2253092796525,2.612559184706564,0.0741232282672793,4.860608601227598e-06,-602.0756441039471,1.352674007762782,8.933594242097866,0.7909375606992162
168.2644322726451,2.576501650565192,0.0762291573090553,1.061117591738068e-05,-15.482133562561891,2.953017416710764,5.851862568194069,0.5180958279282194
168.3711545935489,2.444114318631316,0.0719922790639302,8.965553828906172e-06,-1195.6383659151923,2.495052085966467,5.655440433624952,0.5007055547891801
168.3951434782539,2.454425604386807,0.075724762601996,1.155769580443388e-05,-155.978159802311,3.216427403831321,5.530895069613274,0.4896789059692019
168.3478154958549,2.499454066664613,0.0720180751427154,2.039841298896857e-05,-1188.453027704533,5.676738308618341,2.262405946161723,0.2003025648888602
168.3805025061572,2.498598420554798,0.0750933894291169,4.229073720412547e-05,-331.8432524022313,11.769221856435658,2.799638203892066,0.2478665307398979
168.369192120552,2.518866997260924,0.0764033925546845,3.812072554641622e-05,33.0500165555993,10.608736237407111,1.4227790738266757,0.1259660310923301
168.4085191322505,2.493468233454776,0.0728585483691587,1.144628687784434e-05,-954.3444083563508,3.1854230643351595,4.19326941546998,0.371251949993155
168.3925196257915,2.512467141416662,0.0724491190207178,3.934798983931343e-05,-1068.3884212629198,10.950275465486111,2.7510709795075394,0.2435666217734024
168.4436158471665,2.427763450361097,0.0750933861451851,1.048422817879471e-05,-331.84416712112676,2.9176887325031657,8.477762824718482,0.7505804345994918
168.4219587632957,2.457152971454173,0.0745510639400666,1.841287624761458e-05,-482.90466338396556,5.124177063343575,6.29258342333008,0.5571151373644952
168.4387520572304,2.464321266262162,0.0724500159856481,6.374602836316652e-06,-1068.1385772288327,1.7740082104777324,6.70384142993638,0.5935259475880436
168.5141812038294,2.417577611730301,0.0798984177073984,1.255504867750846e-05,1006.5676579818842,3.4939838620153414,11.991397415900492,1.061660778907281
168.5113035011234,2.430940927349905,0.0807566192794501,5.402555246783592e-05,1245.6143983589454,15.034940389935784,11.387730464714764,1.0082150041265523
168.4804699384151,2.448969204766704,0.074520270817224,9.566250450843556e-06,-491.4818973127682,2.6622218323312308,9.25116120154776,0.8190534152432194
168.4184844576985,2.486271480976295,0.0768951985053143,5.359541934615655e-05,170.03952254664097,14.91523729484876,4.9298127280067225,0.436461960116732
168.4624302597083,2.481410286543204,0.0740482032286961,1.720459514917139e-05,-622.9734046115408,4.787920727969775,7.320739741788749,0.6481431635431526
168.4515487536096,2.502250854683846,0.0786919448443024,6.059005322655921e-06,670.5121033561876,1.686179588865284,6.226545222167901,0.5512684319596266
168.4617659403239,2.513427662371828,0.0771429211782164,2.353950761954856e-05,239.0411410512186,6.550883382063606,6.634321436506161,0.5873709810053425
168.4968781588841,2.470360360019181,0.0755565514187622,2.137482593704049e-05,-202.8323445958386,5.948467329417576,9.46815247874013,0.8382647815560951
168.4918220175668,2.499015340416518,0.0741676971897897,1.7923862456885e-05,-589.6891007551862,4.988087882249999,8.590351749821773,0.7605485176990475
168.3226855243106,2.525296780042981,0.0764223088701386,4.042003095047062e-05,38.3190392380405,11.248617147626332,1.9740644435939128,0.1747741920403777
168.3082039079334,2.541546866592855,0.0748594076283747,3.598263870958008e-05,-397.0174359466179,10.013721347749556,2.7346718268746715,0.242114719500983
168.3175641657806,2.532894290830691,0.076659080870579,1.653761712600044e-06,104.2704156524686,0.460230532263463,2.170408583902954,0.1921575599419346
168.3067158558446,2.563909528955887,0.0780502686295086,3.481270145696857e-05,491.777162149731,9.68813584145693,3.247898511143424,0.2875533470836423
168.3340313155003,2.546691690398298,0.0742972447664766,1.374622132019715e-05,-553.6044244515576,3.825479031594754,1.3151420013442208,0.1164363612592299
168.3378589783006,2.553442129043821,0.0740848090958538,3.008349675238116e-05,-612.7770667024822,8.372030636098652,1.3760540261995369,0.1218292196150847
168.384867401805,2.521452275203964,0.0737634101028998,5.446271167541542e-05,-702.3007685088626,15.156598796497796,2.0877271248282296,0.1848373403546772
168.408080064978,2.533261104353446,0.0756057111357515,4.843674510010788e-05,-189.13920945504012,13.47961366422297,3.2739875401829908,0.2898631445101168
168.3822908082028,2.570260903762815,0.0747575739436192,3.245747289469581e-05,-425.3825790483606,9.03269190019364,2.648332116945735,0.2344706159395216
168.387793263572,2.565026683359653,0.0716132768707698,1.803322972992532e-05,-1301.2070828940687,5.018524043578475,2.663202628032004,0.2357871796255574
168.3067792102593,2.580754894871261,0.0780427588453385,0.0001040409239587,489.6853582131482,28.9538749421243,3.853142975320477,0.3411387872939296
168.3152505301855,2.608563245156728,0.0769434453881481,3.27977083399354e-05,183.4783933788161,9.127377089035823,4.884337220867974,0.4324357769576192
168.3383397252289,2.617368846652286,0.0730323155170968,1.876871959752806e-05,-905.9426439551099,5.223205824915044,4.92428913772849,0.435972927941935
168.3421747012733,2.62365564978998,0.0729779566285918,8.009259543479045e-05,-921.0839761675107,22.2892195087543,5.260668082956808,0.4657543054255607
168.3995201567054,2.623322394084878,0.0785566559760138,4.039828897382888e-06,632.8282257837234,1.1242566504776124,5.880952807095655,0.5206713380726755
168.4196936614653,2.535945334763794,0.0746176339228659,2.480911096079999e-05,-464.362006374976,6.904205276660479,3.963805569808161,0.350936322325494
168.4563771447196,2.527503942395178,0.0785663819506949,2.55431996855313e-05,635.5373358811903,7.108497129554165,6.187165379963664,0.547781929719916
168.4686018334359,2.530176817208481,0.0736367974974585,4.854172892441004e-05,-737.5679267232591,13.50882994185808,6.906331445015988,0.6114534417469235
168.4782698094359,2.566243761247582,0.0739063331240337,1.654895638380459e-05,-662.4904448744946,4.605460960242465,7.681611869475513,0.6800930498556385
168.5072937617783,2.561489227429331,0.078600079712896,3.00135925914769e-06,644.9236391396599,0.8352576787980583,9.333378527682784,0.8263325427274306
168.4272380110882,2.6290185213739,0.0795334736347169,3.363536164891257e-05,904.9147435204459,9.360490254799416,7.082788603752781,0.6270761117403191
168.4386435123708,2.615597203304573,0.0750338913844751,3.110249113351308e-05,-348.416064773608,8.655609777415513,6.95702339494516,0.6159414637163039
168.4672919836526,2.599705346738372,0.0792530718160338,1.183546252706415e-06,826.8105510616198,0.3293727975991878,7.793968955558462,0.690040607040959
168.4789799702914,2.619853270604499,0.0740607626400913,2.920405847614013e-06,-619.4750582406518,0.8127289000781112,9.021369052174451,0.7987087211405156
168.6023132679497,1.820867938836027,0.0770361104144703,1.835212616124876e-06,209.28966337721465,0.5107270731330824,45.46666625419016,4.025400429622578
168.7940861518948,1.841576819201569,0.0742652596803592,4.267359958664124e-06,-562.5136723789014,1.1875769829306466,49.36774997167576,4.370783660153867
168.9204939156416,1.775502017959266,0.0755163593772291,1.155668184463898e-05,-214.0275891985942,3.216145225780792,56.93351504068739,5.040620190260497
168.8863541696653,1.842021180147494,0.0754652924806812,7.891123117357063e-06,-228.25195741055458,2.1960453944407408,52.51448920362732,4.649380850134575
168.9000012169321,1.841918850133305,0.0751280613670792,6.469807012375319e-06,-322.1855985102362,1.800502879139699,53.021002065864415,4.694225068135068
168.7635728195968,1.899159064828789,0.0778040052594036,7.071484737720131e-06,423.1820234142785,1.9679456598479028,45.470846438665816,4.025770523094796
168.7478510153541,1.94426820158767,0.0749199681246732,5.08142806765032e-06,-380.1486842369645,1.4141265494388644,42.689385226129744,3.779513295935781
168.5511595288808,2.068469052655554,0.0751631398610746,2.236560446288967e-05,-312.41470094954815,6.224194191898795,30.49023446946588,2.6994590332729733
168.555209919529,2.183362712784095,0.076359657247712,1.339171226910054e-05,20.867817277904916,3.72682159622464,24.405397753726177,2.160736792394701
168.6511809144368,2.116672536572511,0.0757735917201193,1.06288582083323e-05,-142.37711093105713,2.957938276901382,30.87906570510772,2.7338842848243576
168.6497175880057,2.126773241760505,0.0761273159739124,3.931381313556332e-06,-43.84940763240322,1.0940764323440626,30.334981016146426,2.685713637597852
168.7131159179942,2.180114501691872,0.0778102979322042,7.327816086089561e-06,424.9348085060678,2.039280914496167,30.370991423074084,2.688901826208538
168.8362887366538,1.983321939415279,0.0766545110200935,2.707627858829851e-06,102.99751206181556,0.7535142464276023,44.04599186061037,3.899620736818669
168.7981046848477,2.036694723506201,0.0755522336615148,3.479506925491093e-06,-204.03502917408358,0.9683228920661668,40.12921401762176,3.5528480237335187
168.8592503900138,2.073232758282856,0.0740711470113596,2.035494274702693e-06,-616.5825558456529,0.566464083869024,41.139093285697456,3.642257887585242
168.9464789947011,2.040615227798851,0.073937494622482,2.438024116678853e-05,-653.8106021989305,6.784853756991241,46.36327759170642,4.104782094490294
168.9478685470392,2.067530223206661,0.0736906688624133,3.069582368407329e-06,-722.5623911806931,0.8542437017831156,45.40846372193305,4.020247456738156
168.789826549712,2.092071190022631,0.0756591589125698,6.812145800581521e-06,-174.25166176822916,1.8957734138909608,37.360348594399575,3.307705967311503
168.8591462714428,2.131600271286225,0.0738425890851639,7.227448622707379e-06,-680.245952678874,2.0113493384157826,38.85222646816318,3.4397896745360006
168.860297053665,2.145117525270864,0.074847026789349,4.256601635983091e-06,-400.4660420883566,1.18458301557971,38.40447230597159,3.4001476698467914
168.9280595743993,2.178361183801269,0.0759579490240183,3.362164471611254e-06,-91.0255240813605,0.9356672926561932,40.60097491293677,3.594615469362
168.9318651213587,2.189660064200299,0.0760006178438885,5.096170568379146e-06,-79.14038819035832,1.4182292861908568,40.44134500477254,3.580482603378107
169.0128201074111,1.778434621825213,0.0720238195119996,6.591072675505148e-06,-1186.8529691662718,1.834250280752824,60.26894865439726,5.335923475232879
169.0219629640579,1.890872451535016,0.0749383111526258,3.212613985512923e-06,-375.0393472425929,0.8940484189739117,55.74503225731045,4.93539762830581
169.330370692486,1.790613528080536,0.0728705101157096,7.328238373394557e-06,-951.0125378316066,2.0393984341543296,73.715583413466,6.526423984628481
169.2291080136863,1.972365081870009,0.0755169254700983,9.907593804618192e-06,-213.86990753085868,2.757215344513411,62.46546774620583,5.530392734237007
169.0947369814351,2.031689748791273,0.0755078756247232,2.836868030205631e-05,-216.39068599163716,7.894808989440531,53.783159480073145,4.761702827895233
169.1425727108528,2.025586628799938,0.075470263044023,1.645911741371066e-06,-226.86743773197415,0.4580459391570684,56.37421274872183,4.991102249495276
168.975808905387,2.188899956195462,0.0764774293503402,5.292085776723872e-06,53.672508107494615,1.4727511438007064,42.74345238491986,3.784300142699637
169.1408937328275,2.153749519110994,0.0759705304650508,3.295120793252295e-06,-87.52104149124459,0.9170094971945162,52.495876348856655,4.647732957298723
169.1388999092383,2.16572892568585,0.0757909558903174,4.757493318669108e-06,-137.54042871048708,1.3239777324682118,52.07700167112954,4.610647803567546
169.2277666612339,2.088780601578248,0.0751788945713853,7.589886340255668e-06,-308.02632382696595,2.1122132672325606,58.89852190905389,5.214592468058736
169.3776973542851,2.150477870269338,0.0741791403053349,9.34671330159705e-06,-586.5016916896236,2.601126150722741,65.62425662917359,5.810056742490826
168.6426381713677,2.248199989927778,0.0772166492540743,2.107137021806984e-06,259.5776406127011,0.586401768591925,24.49429112761511,2.1686069851078105
168.5349999837231,2.344399919638375,0.0749671722845001,6.098945344937569e-05,-367.0002574496762,16.97294622895427,15.856824354297856,1.4038871293396804
168.5779835460148,2.329660278940687,0.0801535983388698,9.522568593290664e-06,1077.6466447224523,2.6500654712311675,18.3117348219427,1.621233120706087
168.5770997677225,2.330599482336224,0.0744216910577527,5.242381441187933e-05,-518.9406796503839,14.589187684196473,18.234579371699144,1.6144021474206969
168.5279604384824,2.37783306567868,0.0776539784755065,6.043600466224388e-06,381.39299059519414,1.6818925230680115,14.147938862572214,1.2525906090689816
168.5488119021906,2.370671357528384,0.0736260120084743,1.303705719266835e-05,-740.5721579773243,3.628123523006034,15.370034705140965,1.3607891099710094
168.5252733198456,2.392979257782564,0.077852393567856,7.284962167131761e-06,436.6602874778742,2.027354963023681,13.428327981332007,1.1888797151514303
168.5234523769211,2.410765752269262,0.0814395110912259,6.042934108424025e-05,1435.829689208301,16.81707080266426,12.681269183892333,1.1227387144597456
168.5561490450062,2.405340925332177,0.0772923500738398,1.001313908084841e-05,280.6636357892805,2.7865878703659765,14.47759457711378,1.281776743973272
168.5823616916911,2.383004437243261,0.0740503336383502,5.985864274779493e-05,-622.3799921778347,16.658249373226788,16.527539458921012,1.4632690258528336
168.6250566824765,2.385759076130199,0.0755743165168656,1.635025009599804e-05,-197.88398638677427,4.5501623643779325,18.624975497948487,1.6489659468763536
168.6762929347661,2.357724057504377,0.0787030904033469,1.355274780419114e-05,673.6166298987073,3.771636680201616,22.1268795881079,1.9590077289198224
168.6949363771707,2.339977600672116,0.0744540442395331,4.992448043595352e-05,-509.9289009525886,13.893640195534372,23.62412175674772,2.091566365068702
168.6834046136195,2.355905741621856,0.0735227417859376,3.211078102002648e-06,-769.3374397938027,0.8936209931361728,22.55284797978057,1.9967209260400705
168.7953907891999,2.210930420553933,0.0754389752745667,1.202029893868768e-05,-235.58245241590097,3.3451666805253284,32.91857473736377,2.914452626667676
168.8284002526584,2.25564783346313,0.0763936696297794,1.88841940995097e-06,30.341755954380183,0.5255341586134424,33.0855671353574,2.9292373321675056
168.8820523123323,2.212170351529708,0.0750396892867405,7.910129394891461e-06,-346.80109495450597,2.201334711008756,37.18770200509174,3.292420666847922
168.8879363429101,2.293282623729982,0.075383583013355,1.325976333152723e-05,-251.0116242048943,3.690101112669916,35.206336715193856,3.1170000929135138
168.7774693707227,2.31036899815844,0.0767245767731052,1.890860491807935e-06,122.51389424399532,0.5262134949372732,28.81274138575917,2.550941846151967
168.7839021939392,2.307084705969452,0.075084525096619,2.649701024777016e-06,-334.312357398364,0.7373936061531584,29.245752194751724,2.589278545104229
168.8321583771783,2.345087382162206,0.073716772118815,9.772337196840986e-06,-715.2914905446845,2.719574359046656,30.907527011163623,2.7364041122729885
168.7345204053958,2.364277037253318,0.0750825447451086,5.003788370914862e-06,-334.8639720641713,1.3925199548000542,25.070695173897164,2.219639033126641
168.7338573397221,2.364735403140101,0.0749328317925588,1.399450207254659e-05,-376.56558910234094,3.894573860634487,25.02313840914862,2.2154285854069866
168.8196805962037,2.385778670387473,0.0763132788457087,2.469982773120051e-06,7.949400225507313,0.6873792504044669,29.37192029538444,2.600448863236907
168.8784096612579,2.347798261065366,0.0758155363330528,2.96436076917558e-06,-130.6936984034393,0.8249612530173227,33.44146476034155,2.960746799883996
168.9228659705652,2.307581610374007,0.0757993398920439,1.382460568483572e-05,-135.20511688013698,3.84729286219918,36.79242876714579,3.2574250713285497
168.9229160062262,2.368448706589833,0.0740721466954194,1.001886085586889e-05,-616.304100033308,2.7881802010766856,35.5914957662316,3.1511002268633503
168.9075291849729,2.40225637187021,0.0758187059903229,3.100813582285741e-06,-129.8108099734896,0.862935134216811,34.17269374543827,3.025486304960191
168.905865192423,2.405772101064204,0.0747189743560628,6.131168143959212e-06,-436.1342554443834,1.706262006667684,34.026406476796,3.0125347322464853
168.9082450333035,2.402752433350512,0.0759760037365533,6.689209626856443e-06,-85.99649556347961,1.8615611206465053,34.20738112367489,3.028557358959961
168.5376019947876,2.445880548284446,0.0768224214534732,8.85832202511931e-06,149.7679248434634,2.4652102110721645,12.304474714622817,1.0893791404369384
168.5388915529378,2.456837477782639,0.0727874680900811,2.015116494244491e-05,-974.1433804998875,5.607930874520847,12.098611784153112,1.0711530245364849
168.5681184702257,2.451317567414243,0.0765247088717097,6.968126458710625e-06,66.8419263864043,1.9391817603090795,13.843945273546328,1.2256764756019265
168.5240499183627,2.508470974182503,0.0736268590854073,6.26617252611057e-05,-740.3362099363552,17.438327994741847,10.35849363381187,0.9170913145616054
168.5742916875887,2.46672191110423,0.0742135446564104,2.818647613604022e-05,-576.9185724700613,7.844102820790413,13.881278286507705,1.2289817614034777
168.7098459042304,2.460554243955784,0.0763025469432139,5.911356166052774e-06,4.960095156660276,1.6450898421297144,21.83970968937714,1.933583084252391
168.6542004490196,2.492690748083155,0.0764913195905011,1.914880561235715e-05,57.54154860060169,5.328981153717202,18.21306402798781,1.612497282143465
168.528404689814,2.529028312903667,0.0739904988899128,3.497918259855087e-05,-639.0465913091413,9.734466400338832,10.489989539142083,0.9287333309533627
168.555670572573,2.533047637244538,0.0765903352290647,7.600707093160585e-05,85.12174236370006,21.152246084862483,12.11617247094049,1.072707763468589
168.5589303679725,2.54367122572946,0.0750492327973693,1.840786429419187e-05,-344.1428090903641,5.122782271110911,12.316578180482855,1.0904507232180585
168.575796368684,2.52801584220782,0.0724925174319798,2.012377768761243e-05,-1056.3000622018603,5.600309189502532,13.330794582567073,1.1802445761004174
168.584116348015,2.53357269780166,0.0763146421441394,2.401968562483386e-05,8.329138572107096,6.684513624721853,13.820532559006304,1.2236036262172554
168.577236173175,2.558928938602624,0.0794887023599729,5.988928593512763e-06,892.4439818269037,1.6666777161909356,13.472764002392893,1.1928138672018396
168.5677354025452,2.587239217113527,0.076996197400329,5.91369256809554e-05,198.17214012881053,16.457400467798347,13.19009102971834,1.167787358786084
168.5726353700089,2.614103923005491,0.0760167702443539,3.555332003200779e-05,-74.64123693468251,9.894244906866732,13.927369391666534,1.2330624466569524
168.6396777666063,2.568139914420357,0.0766760224852255,6.514300962782894e-05,108.98939763741936,18.128852401065565,17.25274094049125,1.5274748846935782
168.7263545906147,2.540125403814072,0.0802031854031262,1.188016412248999e-05,1091.4588148015873,3.3061681231419264,22.34606171917249,1.978413062920348
168.6651101981122,2.631027181407588,0.0717811689178814,1.983500746470422e-06,-1254.4417914936885,0.5519946418748854,19.51189120454833,1.727489207113341
168.7022321119713,2.624878362373803,0.0775146749255227,1.225327935763447e-05,342.5908482651968,3.4100035318092217,21.557513373330075,1.908598776726895
168.7700273966473,2.421775927439771,0.0764419386162246,1.589901072276709e-05,43.78678361081164,4.42458554436932,25.899179542476663,2.292989063114999
168.7818023227267,2.436153732727943,0.0762972487430976,1.670465316504656e-05,3.4843142808004677,4.648790305671584,26.36938955185982,2.3346192007459794
168.8539308976259,2.436686306688013,0.076146067866964,5.666019950373384e-06,-38.62618379331341,1.5768144574322962,30.588021285165905,2.708116608643237
168.8758349832574,2.467552567158906,0.0759177631159251,1.250827505314452e-05,-102.21906025236154,3.4809670834353947,31.57989607545607,2.79593244243769
168.9223296024024,2.519923012498077,0.0736837120005136,9.693640091682024e-06,-724.5001820383808,2.6976734949022325,34.10724885099567,3.019692128084916
168.7532395765038,2.529400284923756,0.0810055483931064,9.385591389244452e-06,1314.9520634744147,2.611945655633892,23.960768411828,2.121371444297846
168.7848780130146,2.550419543635805,0.0760659759267977,3.719604424035257e-06,-60.93529840080144,1.035140377746361,25.866047804647145,2.2900557380511497
168.8165990303501,2.563579424838125,0.0740929138638727,1.120571607167836e-05,-610.5195336944731,3.1184738603928643,27.800976915685865,2.461365075562709
168.7850572301174,2.593594906837846,0.0800823661369949,1.490584661345311e-05,1057.8053554232886,4.148194790385838,26.087447785856952,2.3096574298597776
168.7354147592326,2.617391243384706,0.0778053957298017,6.183673090623162e-06,423.569330344353,1.7208737729006944,23.393727967828017,2.0711684046879086
168.7870911636554,2.59537459262999,0.0793593853872505,1.420829501807885e-05,856.4235388314262,3.954070969780756,26.222418157870816,2.3216070588572824
168.7890900437098,2.597124303962703,0.0786393461789133,2.35863411585487e-05,655.861070406679,6.563916834475519,26.355365339354293,2.3333775642747843
168.7969622855974,2.626387372570253,0.072925513896382,2.2293880183687e-06,-935.6915748942888,0.6204233817352598,27.115624007945023,2.4006872182102623
168.9269240205489,2.536123473313439,0.0773026782601613,2.162226274977991e-06,283.5404882148204,0.6017327295857118,34.36755641092888,3.0427385101911164
168.9146448525714,2.560472701130725,0.0768637047078958,1.267413234757343e-06,161.2671200480187,0.3527124029936947,33.66137487605277,2.98021658615144
168.8872042606629,2.590726743329831,0.0805578872707196,1.014764845463851e-05,1190.2588263782966,2.8240209057435552,32.149725805818605,2.846382432076015
169.0042898244125,2.249725398153111,0.073550279059918,1.145889514536416e-05,-761.6671024298803,3.188931858635666,42.640668823881015,3.7752001794771126
169.0445275693274,2.265188998750866,0.0760789963615025,3.939804396338349e-06,-57.30853683820683,1.096420518461507,44.50983769707641,3.940687421122072
169.1400576664587,2.26925283573745,0.0752774970698948,6.055039771406759e-06,-280.5612076708862,1.6850760031744227,49.804084029117575,4.40941458357512
169.0222562810603,2.320787307682666,0.0758794203668368,1.614451694045218e-05,-112.89919588150251,4.492908239457934,42.12686896305991,3.729710805593258
168.9553627534358,2.365307790891007,0.0762143651384524,2.024572147694692e-05,-19.602401202333986,5.634245308983373,37.51195273849189,3.321128270661169
169.0497580211247,2.377220794842704,0.0765316379673996,7.243486670195396e-06,68.77198313807419,2.015812616937494,42.81607363789386,3.790729679918991
169.0735905267572,2.353591692599349,0.07628995357928,4.289346576814519e-06,1.4522915160993979,1.193695707833354,44.53849215348892,3.943224349176324
169.1262285749082,2.309342166906919,0.0756525121348002,1.095461430928446e-06,-176.1030806091834,0.3048593963622762,48.285429705418174,4.274960217977018
169.1263903904049,2.310009483274893,0.0755959410980103,6.003728722668326e-06,-191.86059304539233,1.670796490538495,48.28342876056918,4.274783063922886
169.1528495912248,2.317648794325722,0.0748665416069704,2.697812752966154e-05,-395.0303103286304,7.507827698421579,49.68396676999589,4.398779977911042
169.1514159059387,2.32396073708243,0.0757372633811392,9.573820772020956e-06,-152.49614508260697,2.6643286007479468,49.5019711393816,4.382666958197469
169.1400864174816,2.355254154942043,0.0759543808592539,1.69088992399304e-05,-92.01941430929033,4.705630586251503,48.38882544348317,4.284114380415519
169.1026651290988,2.412757120596391,0.076318158812319,9.802312608773047e-06,9.308684744823049,2.7279163104192152,45.51560086424017,4.029732865152763
169.1271605569794,2.412666297825086,0.0734918394995868,1.615784439584888e-05,-777.9450805426941,4.496617178807666,46.96569565753667,4.158117298955214
169.2309079754359,2.287619704718121,0.076264418863366,2.766488589246917e-06,-5.660245683178557,0.7698947836494203,54.676040240443214,4.840754205365957
169.3121491443928,2.264638102040359,0.0741963763973847,7.667116061403428e-06,-581.7006848451664,2.1337057684796177,59.73808463597165,5.288923322727862
169.3511238528099,2.268783297855721,0.0752412408143876,6.828638552404988e-06,-290.66016341685776,1.9003632335078813,61.92374693485592,5.482431373389654
169.3532208761712,2.280619311181018,0.0757738570931428,4.771628123752483e-06,-142.3031929165514,1.3279113516936407,61.86470498914312,5.477204082866322
169.3338932977415,2.293064275192788,0.0758905987540748,8.337841422506841e-06,-109.78552524870514,2.3203640322375256,60.55822852829329,5.361534926975394
169.3364114953929,2.294784518929713,0.0764215745713386,2.67194704284244e-06,38.11450484854579,0.743584520271551,60.679922390156015,5.372309117479838
169.1719823472747,2.316178651504508,0.0747699515026013,5.233087319039061e-06,-421.93488654248466,1.4563322780257126,50.81386686936195,4.4988159101694265
169.166908035243,2.389705232078089,0.0759387182091467,6.150920430881156e-06,-96.38214863153408,1.711758932527223,49.54669884260904,4.386626934387085
169.2153933156328,2.406096879621372,0.0761581418995669,4.736100525426085e-06,-35.263036683210615,1.318024264960877,52.25240208654933,4.626176914579105
168.9613436468162,2.436654814634796,0.0761999237068243,1.008793424361637e-05,-23.624972669806347,2.807402850728117,36.92347491420454,3.269027268281401
169.0074191606526,2.476127062394685,0.0768330035003989,1.239725946053114e-05,152.7154885703124,3.4500722060847324,39.36167276139391,3.4848936044387475
169.0509229729919,2.480539345667131,0.0770628983767608,5.787115023076851e-06,216.7512846040065,1.6105143849007937,41.93676932576162,3.71288029602008
169.0637655038478,2.425522050219004,0.0746630382145162,2.728994993401818e-06,-451.7149217370563,0.7594605733029177,43.09141529228843,3.815107108598199
169.1630029411365,2.421374562430605,0.0759440487814464,8.615123071112286e-06,-94.897350684195,2.3975296116267955,49.01159878536024,4.339251743333971
169.1545222721745,2.449886883080894,0.0761078246802974,6.399293880589905e-06,-49.278586925627444,1.7808795586057249,48.29348968741243,4.275673810101874
169.0574643455477,2.508973427379152,0.0760653462063941,1.671500650802012e-06,-61.110703124740134,0.4651671569949939,42.22555582596278,3.738448066823418
169.02107882287,2.61740327495066,0.0804571104673266,1.52807302511031e-06,1162.1880710438347,0.4252522333331104,40.301823642898725,3.5681300515792014
169.1511899213713,2.550662316200976,0.0754841685288341,7.35590425875237e-06,-222.9941509358314,2.047097660135168,47.81735718280673,4.233519323166723
169.1129072881822,2.557675520979776,0.0751454464784888,3.332251893250627e-06,-317.3430832447127,0.9273428274352392,45.53258383246526,4.031236455655909
169.1320193022564,2.574027767131187,0.07402168703848,1.680106540721877e-05,-630.3593254077732,4.675621170840102,46.71417375529185,4.135848756817214
169.1473507060896,2.55591594473417,0.0751063513054895,6.565507402734996e-06,-328.2328019009221,1.827135640835342,47.593754376070535,4.21372260375764
169.1482388166222,2.563360474009607,0.0753201530616894,3.765956813718309e-06,-268.6796449610042,1.0480399296062084,47.65972418279483,4.2195632538472125
169.0797042700408,2.588828094743548,0.0748351535162916,2.119978962175229e-05,-403.77326886865035,5.89975592442086,43.63662638003655,3.8633774817675537
169.1131562205017,2.601193242593515,0.074409672394919,1.589181312232889e-05,-522.2884038537085,4.422582501575757,45.69341035240182,4.045475263903429
169.1240766449614,2.595276970311454,0.0802724214674664,6.917897409561398e-06,1110.744092335505,1.9252033607313723,46.317489009384765,4.100728193156975
169.131457812683,2.605628632641733,0.0747364815544956,9.401868554756514e-06,-431.2577335935908,2.616475479060254,46.80922990490915,4.14426457211734
169.1312416225054,2.606578225232718,0.0749027188124771,1.608975317587277e-05,-384.95337347141333,4.477667859704852,46.8013731364896,4.14356897154714
169.1167977799873,2.623920174092647,0.0766900785610338,2.368140467492867e-06,112.90463062450733,0.6590372358514472,46.04544589503447,4.076642801383159
169.1898727793748,2.424185959015383,0.0760565829039333,6.665039238165052e-06,-63.55166682885538,1.8548346673928715,50.58380756881049,4.478447563783504
169.2356440613584,2.425202996979857,0.0758381605325559,1.141002971736158e-05,-124.39186755042807,3.175332945462406,53.296500730408894,4.718616397739437
169.2556094347304,2.477681233830428,0.0751653699871075,3.022805474553276e-06,-311.79351313522164,0.8412260133265146,54.18646301560972,4.797409387424823
169.2973907202901,2.474513111747995,0.07600825727547,4.346318876476106e-06,-77.012471769129,1.209550707739176,56.698083355791184,5.01977619874747
167.7059851936792,2.624021780952949,0.0802471592810769,3.045826149286812e-06,1103.707466549828,0.8476325090779625,39.167529057181,3.4677050525889603
167.706273684945,2.62495288003822,0.0803456822604827,2.087589779210445e-05,1131.1504331513577,5.809619051606061,39.15789207140711,3.4668518401177053
167.7183812757322,2.702577661683714,0.077677444835451,6.920639298973648e-06,387.9294000308444,1.925966409732926,39.35059417032775,3.4839127591533696
167.8453230222042,2.643042934844208,0.0734028287724627,4.918260401416943e-06,-802.738468099352,1.368718108001005,31.12444957377908,2.755609394926995
167.8524044504459,2.673122345838369,0.0785703895412876,6.577445710660439e-06,636.6536254559816,1.830457989979713,31.13378996479592,2.7564363483218584
167.8473288317848,2.70061739098354,0.0784856634705438,1.293045057151314e-05,613.0537024357482,3.598455632146514,31.896494778227087,2.8239625721821366
167.8438027870998,2.713004497741474,0.0780553569516289,7.947719483730381e-06,493.1944828077854,2.211795774693056,32.332908980064346,2.8626005912035386
167.8435677547483,2.714482991730842,0.0777307949241002,7.943429559698653e-06,402.78973728230295,2.2106019182834844,32.37532029071275,2.866355485110879
167.8012464504442,2.73883979813092,0.0781025195569948,8.050625273108078e-06,506.3313348569589,2.240433749473491,35.25566891039836,3.1213677287252146
167.8147543239104,2.757066765838571,0.0731260203062013,6.134759091304403e-06,-879.8417544640776,1.707261342663563,34.89584275314928,3.089510447615532
167.7814386892737,2.76828798584563,0.0728729257208098,7.748887270963862e-06,-950.3396859701688,2.156462134776585,36.99896325120295,3.2757106433607626
167.8282664273817,2.764369115689382,0.0777503879400738,5.906406200039493e-06,408.2472507094184,1.643712300567577,34.31965807678334,3.038497821556289
167.8269050353344,2.766823193695502,0.0779138673740503,1.798421345812307e-05,453.78343601066774,5.004883151611244,34.45323930207676,3.050324462169862
167.918704841663,2.639229168576707,0.0747925311730402,4.584905943996846e-06,-415.64545898491787,1.2759478508340014,26.78112794212938,2.3710725418336485
167.9287771473589,2.636852867378416,0.0804210806607194,8.650392626244793e-06,1152.1521912384908,2.407344886710053,26.1608218984384,2.3161536216557024
168.0002646654959,2.684388181448808,0.0767551303626167,5.153296389573962e-05,131.02440764480934,14.341270100855182,22.95511931791538,2.032336099765359
168.0684665280419,2.710584335642894,0.0731317489551565,1.692236946289577e-05,-878.2460747262364,4.7093792568355575,20.0208063251112,1.7725461095372437
167.9275289928097,2.779011525908216,0.0779976037990098,1.21431721927966e-05,477.1076993181123,3.379361463672524,29.383191382144854,2.601446751167243
167.9630419181359,2.782323247908665,0.0728495321217321,3.733634814693359e-06,-956.8558283163579,1.039044939153996,27.658928775293024,2.448788814920073
168.0775767329031,2.746881545719374,0.0772059022039708,8.571701784162938e-05,256.58411627113185,23.85445765536996,20.800040717052728,1.841535782951204
168.1250837934879,2.658507199222871,0.0780733958582185,1.761969339030934e-05,498.21910867732646,4.90343971901002,15.522594437522908,1.3742960165218454
168.1703143866706,2.673697232088598,0.0725297607842278,9.122721485478244e-06,-1045.9261567634035,2.538790765903036,13.718364953496629,1.2145581967412322
168.1236575003602,2.681469504163635,0.0777507543011414,1.067009989408564e-05,408.34929831904935,2.9694155549403445,16.288934930271232,1.4421441259807612
168.1303758731234,2.726058654030611,0.0746325663403693,1.311380358129437e-05,-460.2026738284229,3.6494815161301584,17.550353795141884,1.5538240985610334
168.1922758398199,2.687742753977173,0.0814266817589935,1.371078986862621e-05,1432.2561580575275,3.815618701844029,13.250307310885988,1.1731186193347984
168.1792436303531,2.700258278918223,0.0752129052664124,8.568134528605856e-06,-298.5528550651326,2.3844530228031138,14.333722876605412,1.2690390340695128
168.1711681066555,2.705371381630345,0.0815764637897556,6.693506377703295e-06,1473.9770164045224,1.8627568769118632,14.896942654198345,1.3189038102116517
168.2082810556433,2.63699897265678,0.0743449586513869,1.38331751989261e-06,-540.3140168946637,0.3849677699144554,10.584813587803955,0.9371285971487786
168.1980940226189,2.679117590135348,0.0799135475166047,2.053141161814641e-05,1010.7819727665178,5.71375091414093,12.642755270929442,1.119328877439355
168.2914405547914,2.762881430631906,0.0770946034451485,3.963165351206246e-06,225.58253532450289,1.102921711838473,14.07135030564026,1.2458098257968044
168.2915065156166,2.764073012265544,0.0768620830343002,5.252650948715216e-06,160.81541289714772,1.4617767018687984,14.13926788729006,1.2518229225306527
168.2721168273135,2.810210231536605,0.0805915207973673,1.271129000762748e-05,1199.627237220632,3.5374647516588533,17.12020688592137,1.5157409555503556
168.3166242164673,2.631027053168911,0.0738855668554471,1.553986366635828e-05,-668.274760561023,4.324637383958705,6.076325550775472,0.5379687031785414
168.3170850313453,2.632645443353952,0.0758769358697845,9.406387450529474e-06,-113.59123717013433,2.6177330567336194,6.1569871193948895,0.5451100913586063
168.3585593886919,2.676936788724037,0.0749270408162367,1.251986135833039e-05,-378.1786297427686,3.484191472633689,8.418320805931248,0.7453177235261521
168.3033612021413,2.710126128125022,0.0802920969150581,2.755762843865992e-06,1116.2245665800508,0.7669098823374746,10.83084351391784,0.9589109060768624
168.3508041764956,2.72450504470564,0.0718465720072857,2.552472315725311e-06,-1236.2241654232664,0.7103355238567656,11.26832214771932,0.997643164796026
168.3873374299501,2.729041304486791,0.0719765693078058,1.051782900962967e-06,-1200.014221327201,0.2927039613069481,11.715423118288047,1.0372273390337
168.490921884632,2.694159750113,0.0732421971180733,5.488333644579926e-06,-847.481422008608,1.527365578268996,12.53031006616547,1.10937351864891
168.389805201311,2.847237543054673,0.0721727231713677,3.133742598276551e-06,-1145.3767757388166,0.8720990533237154,18.75719716486272,1.660672218715734
168.4180649168384,2.750216651826753,0.073843617163912,1.301071371004879e-05,-679.9595877017105,3.620792312629533,13.38034463123289,1.1846314996120757
168.4644738422724,2.778831738398589,0.0747291524487498,1.682048869003289e-05,-433.29921067248273,4.681026537114904,15.975251086882285,1.4143720638972084
168.146559248952,2.917775275754569,0.0807799822257191,8.399366547463228e-06,1252.1220025548403,2.3374860521697296,26.012570486481035,2.303028153119062
168.1309407983354,3.046366219219213,0.0717369509449551,9.570500274820476e-06,-1266.7584343877875,2.663404529170819,33.36265136085952,2.953769039729748
168.2542379475669,2.960988252857329,0.0718119742553007,7.624671219444633e-06,-1245.8611552700875,2.12189366032782,26.14290735920531,2.31456755432624
168.2974155235584,3.054201639372845,0.0757085861949518,3.549074927474362e-06,-160.48399794204212,0.987683189464108,31.23073776377296,2.765019641178021
168.3899692712744,2.848506776458402,0.0719715769818728,2.525662373992957e-05,-1201.4048028409707,7.028745011112124,18.833977416380744,1.6674699737065943
168.372372803268,2.979850717080801,0.0777785531694531,1.727296866202901e-06,416.0925011661365,0.4806948607243694,26.61171182725117,2.3560732520725947
168.3845057497178,2.985323293892553,0.0780005461047719,1.197855210088433e-06,477.9272603915575,0.3333548822138496,26.979973262339005,2.388677352200111
168.4308671550498,2.981958768238548,0.0813989394398112,2.777358270115163e-06,1424.5287066207145,0.7729197412194331,27.11299912049525,2.40045482327264
168.4246628188587,2.991678998569843,0.0815798099134064,7.38020226686983e-06,1474.9090584534665,2.0538596289990245,27.628035629680664,2.446053684067832
168.4198903407946,3.065159510353058,0.0813501529621464,1.605568380245946e-05,1410.9395349854665,4.468186586955323,31.954502187757612,2.8290982698367677
167.8929488127156,3.141910596243855,0.0774988150889332,4.222465397090473e-06,338.17318886780265,1.175083134626291,45.61203546691795,4.038270722071487
167.7727039790672,3.489004120731701,0.0771627898961844,7.33070605732509e-06,244.57544956380505,2.0400851736526224,66.90229927428182,5.923208504793622
167.8010707455214,3.48384748800541,0.075243671925265,4.602925540019431e-06,-289.9829925170787,1.2809625807104168,65.76659806464166,5.822658970071861
167.9846472488916,3.4726263359753,0.0720888533401951,2.754900768219176e-06,-1168.7381985218751,0.7666699726027392,60.34841830911287,5.342959337076052
167.9875430159774,3.473293145956658,0.0721013485495903,1.314172600025803e-05,-1165.2577352210333,3.657252133652513,60.32234865162248,5.340651254713576
168.2668467627836,3.116514147614416,0.0751497238788868,1.563812534724741e-05,-316.15163981728375,4.351982935226552,35.17370821116286,3.114111321755101
168.2057545011544,3.152581643447429,0.0757584004205099,5.997658280734318e-06,-146.60855348718974,1.6691071282191978,37.99857176625759,3.364211184030698
168.2062431581614,3.152625829267176,0.0756795865987032,9.311065859938054e-06,-168.56165613008795,2.5912057124131875,37.99433469343839,3.363836053937557
168.3753379170267,3.110668203707855,0.0714199351372239,3.254804588384308e-06,-1355.0612270580125,0.9057897741329244,34.46159055840796,3.051063842326648
168.3822696608258,3.139674482910874,0.0790741177990759,3.335308304839741e-06,776.9640163729244,0.9281934057995568,36.21812677063306,3.206579128708282
168.438302204519,3.113394732928756,0.0735947856300893,6.108577553093534e-06,-749.2700725580088,1.699975200304323,34.9710859753763,3.096172121409372
168.4397893185137,3.167369436915129,0.0733127001515894,2.142306668116368e-05,-827.8432380462689,5.961892397355384,38.19008264728413,3.3811666383508303
168.4395316610796,3.170795729451766,0.0730759401235084,5.019696791601308e-06,-893.7912796340262,1.3969471590727205,38.391704370715736,3.3990172581342417
168.4967616081046,3.18783460794103,0.075047037970651,1.57633277539107e-05,-344.7541644989172,4.386825905541011,39.99812237044196,3.5412417984183118
168.5139310724296,3.22421506878509,0.0751611154937009,5.637368840185103e-06,-312.97857596186344,1.568841050144277,42.35421601953679,3.749839022905235
168.1653805437091,3.405774243298135,0.0753905127954569,1.097525070182662e-05,-249.08137625740784,3.054336930007408,53.34856099304828,4.723225563549467
168.1493585401915,3.428440327314838,0.0750935838579409,3.087422804979126e-06,-331.78909545574464,0.8592085728142279,54.88454578066568,4.859214285251687
168.2408892943816,3.40168512095724,0.0732196315747295,3.339734341909718e-06,-853.7669145512019,0.9294251415333166,52.335248635607584,4.633511750441215
168.4376343720896,3.362195595089932,0.075165652821974,1.258428437145103e-05,-311.7147312323407,3.5021199549492663,49.78401949428377,4.407638165953281
168.3516174480422,3.403547180057581,0.0738350292134311,2.021423407717769e-05,-682.3517081962805,5.625482581774868,52.00976239180922,4.604694760466688
168.523082775004,2.663196331796667,0.0742762109985385,3.881907184685433e-05,-559.4632504281066,10.803081218976155,12.681408935390545,1.1227510873867113
168.5364088965677,2.667515015117385,0.0740552965067618,1.720783219056842e-06,-620.9976158744704,0.478882157436969,13.479114379546074,1.1933760991186857
168.5595842194334,2.685237795422362,0.0736831882687737,1.395889416137353e-05,-724.646064275531,3.88466442338781,15.227628209402036,1.3481811222658258
168.6008659244621,2.673534424176584,0.0755401785347481,4.487419921653094e-05,-207.39291018043087,12.488181600147756,16.943716325128136,1.5001153282991837
168.6036407992729,2.729143133455834,0.073738846265663,3.385275459758675e-06,-709.1428734569711,0.942098922010763,18.919517932778763,1.675043320508263
168.7298023218493,2.684506427318806,0.0757630305899239,5.629101475940093e-06,-145.31884843204202,1.566540299426742,24.231224432540483,2.1453163224176426
168.6404775462936,2.702734311983963,0.0740191005837098,8.713475142728469e-06,-631.0797663881742,2.4249003180134885,19.87301677808144,1.759461532304742
168.7103856693719,2.7215217453784,0.0777834357769981,8.529086590169814e-06,417.45252130147827,2.373586249583436,24.089914360387777,2.132805406794901
168.7220262338716,2.739271551155114,0.0786195008732949,4.121331140106117e-05,650.3332832592811,11.469381651501251,25.20709886497484,2.231715561315368
168.541270304962,2.748146855431829,0.0803607827250007,1.416177879318332e-06,1135.3565741545453,0.3941125823705932,16.955473047445516,1.5011562120711046
168.5484374297446,2.791816995287071,0.0751722695701842,2.361410324370289e-05,-309.87167693943906,6.57164283219932,19.252959419226546,1.7045646294887122
168.6771904066934,2.747986558946129,0.0771854474067529,2.111512234444874e-06,250.8865590080701,0.5876193602351226,23.171268204472927,2.0514728848541712
168.6772990313289,2.748309601329181,0.0772199134836074,2.035729536053942e-06,260.4868715616324,0.5665295554881099,23.18732281710681,2.0528942832085737
168.6880596352347,2.757519447644152,0.0781083969002215,1.138008161823852e-05,507.9684324645298,3.1669985950571022,24.02975087549588,2.1274788205750657
168.6713375074324,2.817396382963084,0.0765145655457844,2.369826750584799e-05,64.01656568095902,6.595065168603337,25.4229380236779,2.250824924586369
168.6327551624335,2.842229776342089,0.0747503870026889,3.528521515688324e-06,-427.3844569971076,0.9819633160542643,24.819178046792768,2.197370913756658
168.6917150762666,2.801846897975522,0.0789897339386327,9.833689463647248e-05,753.4594139155384,27.366482737422764,25.76412631111114,2.281032098148152
168.7447311718004,2.66162693372814,0.079053369960547,2.980289640595161e-06,771.1848342649889,0.8293941485886347,24.614197195533023,2.1792228929162403
168.7794266596075,2.673208642970351,0.0750364846586205,2.582746759506816e-05,-347.6937242984183,7.187606937403012,26.80652955029753,2.373321478315191
168.8124366953602,2.664720154295901,0.0782403038144636,1.095296634124158e-05,544.7102876529178,3.048135345429011,28.55578114465201,2.5281918195904005
168.7497855314327,2.696387605410083,0.0748845567397458,1.643525860929818e-05,-390.01230650800886,4.573819650082981,25.607646927928325,2.267178164526328
168.7788862765944,2.727001783143962,0.0772857599349713,4.118944093616788e-05,278.8279933639455,11.462738664981783,27.931885471945147,2.472955090886492
168.7917649401436,2.710678760855541,0.0774457936249588,1.06613070144627e-05,323.4043879871434,2.9669685569005653,28.262098437625507,2.5021905621322897
168.7991417791472,2.71198393656648,0.077276687838939,5.39523872047004e-05,276.3010171202108,15.0145789994528,28.702037957170266,2.5411406958650486
168.8296824476606,2.698970654274802,0.0767407000348012,1.691752737922243e-05,127.00492907566321,4.708031738188059,30.151733886655823,2.669489816179879
168.8268690414498,2.718042798099111,0.0795230417525735,2.597882938288019e-05,902.0090072650186,7.229729883918419,30.382700431815103,2.689938485649392
168.8931035651678,2.633973160935889,0.0754452954338097,1.065993601355281e-05,-233.8220111455663,2.966587016758667,32.86128741175174,2.9093806817874115
168.9069067870836,2.64283773507964,0.0791515373821983,1.419348057035394e-05,798.5287624529328,3.949948210673639,33.77191879661534,2.9900036143632067
168.9073917185507,2.643094834491181,0.0793066099277468,1.076244607065751e-05,841.7232609746734,2.995114861964056,33.80337005359198,2.992788157717191
168.9102168962077,2.676908642810775,0.0808297375554071,1.83421074982701e-05,1265.9810419293165,5.104482606197616,34.40818198968068,3.0463353039662944
168.8417125306692,2.711939469980175,0.0773121936223901,1.099315402522927e-05,286.19093351622524,3.059319302011856,31.089337454931076,2.752500736431878
168.8657312567155,2.716368429917692,0.0779257034705976,2.152582195557104e-05,457.0803075039882,5.990488484852794,32.534810747346015,2.880476004725467
168.7434627942355,2.751912838516358,0.0787170126324751,2.333854816227472e-05,677.4945807208235,6.4949577446033535,26.69835510572844,2.3637442321364595
168.7527561134604,2.74594742457885,0.0784890310639919,1.908129666909886e-05,613.9917247639513,5.310193878227882,27.019131767870757,2.392144258353063
168.7496783761497,2.764870633296788,0.0764017617918214,1.875828879514927e-06,32.59577764548083,0.5220303004215937,27.404880624151968,2.426296610828603
168.7655253368441,2.763219022976793,0.0773582359386668,9.401305991438703e-06,299.01573596798613,2.616318921550659,28.18378365939725,2.4952569475109017
168.7461184957306,2.78926654077332,0.0781634162074072,1.996365827181934e-05,523.2937202161033,5.555749055237293,27.984786605738226,2.4776387033930183
168.8336780069419,2.750302115532162,0.0799324745010422,5.159467011519709e-06,1016.0539672283007,1.4358442518143903,31.50030968228938,2.7888862451323013
168.8165268157695,2.79132595219169,0.0759692337448029,1.734841478886762e-05,-87.88223489677584,4.8279447464381136,31.67464890090533,2.8043214028716714
168.7381962304098,2.808747293399012,0.0785862780346297,6.919941055737929e-06,641.0792670145845,1.9257720934335607,28.24555182338156,2.5007256043165134
168.7512476290399,2.799066224735026,0.0798054252900296,2.525686021389251e-05,980.6651952321921,7.02881082019272,28.563410585801652,2.528867293695097
168.7710948968785,2.809312702776287,0.079239123668586,1.270728645912569e-05,822.9253808518695,3.5363505915934206,29.895077051234143,2.646766651701621
168.7726450887926,2.809924799791138,0.079353177198426,6.688725087260188e-06,854.6942862286893,1.8614262766030207,29.992943273947414,2.655431257387754
168.8048268022761,2.800174516327874,0.0769114886568032,3.495768070897847e-06,174.57704349799366,0.9728482572071928,31.32662277375706,2.7735088397972136
168.8796598450261,2.820493230215632,0.0783339314256435,1.267418216483784e-05,570.7896797103551,3.527137893739658,35.83425480078907,3.1725929467504685
168.9170087230458,2.836878590152732,0.0774859888358194,4.377256338627901e-06,334.6005153864721,1.2181603910838317,38.27134929262252,3.3883615971197503
168.5336543879721,2.858090448554742,0.080583893962837,1.019601330476673e-05,1197.5028296301105,2.837480511530629,22.09739323770993,1.9563971489644676
168.589843497695,2.908828515750297,0.0809045298606143,4.282520859842385e-06,1286.8139759943601,1.19179615765558,26.43840900569378,2.3407298519549835
168.5898565016814,2.915940806394717,0.0810107755841645,1.024123625298598e-05,1316.4080652162652,2.850065747584224,26.80014090150561,2.372755858011122
168.6205109543491,2.933565687169839,0.0805549592481827,3.780005443168177e-06,1189.4432438089004,1.0519495667443906,28.68611386670609,2.53973085331716
168.761448636202,2.907443488233949,0.0786333354645956,6.564620398427588e-06,654.1868231065378,1.826888793625488,33.05042020617698,2.926125591732616
168.8179114521052,2.950174366549897,0.0788023645682342,1.393246049614214e-05,701.2688345704241,3.877308115809501,37.28036137970322,3.3006242831914725
168.8139225511036,2.955638162051085,0.0790246259720673,1.49993372675749e-05,763.1783740401715,4.174212597655352,37.32219308405168,3.3043278615386216
168.8745682122392,2.855988003943193,0.0778357351106631,4.677209467515452e-06,432.020177250445,1.3016352878057844,36.632925292861394,3.243303399193604
168.8899969740512,2.85474533568452,0.07845760973841,4.999584199515094e-06,605.2395088472148,1.3913499627593024,37.38615119101903,3.309990405386127
168.9273739995831,2.884188757661214,0.0774654635309064,7.072205036584128e-06,328.8833186409929,1.968146114077216,40.21559112380984,3.560495438180296
168.9260114015622,2.892366929506989,0.0772637799125284,8.264278873889729e-06,272.7055940471644,2.2998920799322065,40.40267581491823,3.5770590188869438
168.8327213505852,2.988228800025418,0.0771433979138801,7.43498565299886e-06,239.17393282198583,2.0691054692946738,39.4776168245955,3.4951587353637774
168.8337574361291,2.98849961677579,0.0774933054189361,9.4815078011627e-06,336.63850436447393,2.6386385346463914,39.53394242215938,3.500145533458119
168.7590929585867,3.068009959358536,0.0762036353815453,1.358733668653005e-06,-22.59110863099441,0.3781262528718937,40.08447362380584,3.548886923980104
168.8504533991497,2.989914172746598,0.078340768841578,9.830203201756546e-06,572.6941996331491,2.735678070989762,40.32530933644284,3.57020936217466
168.8680779627184,3.008211730511781,0.0785588427091061,1.295306470761925e-05,633.4373267628074,3.6047489909886594,41.8455178691171,3.704801329976541
168.9254187702118,3.034357488756392,0.0717685136046584,3.064028664814484e-06,-1257.966850725609,0.8526981441969806,45.45290887355219,4.024182417164374
169.0161341221916,2.69113782598364,0.0782688302144031,5.080952693922555e-06,552.6561399355315,1.413994256193661,40.77893938818482,3.610371589925492
168.9574888671355,2.76069462736625,0.0772077299490927,4.393467337915261e-06,257.093223371208,1.2226718009040616,38.61051413672652,3.418389624719933
168.9679452664226,2.843839831582317,0.0784210981799778,5.954175715685623e-06,595.0694400503979,1.657006228854997,41.17535026838903,3.645467906830714
169.0666901675303,2.838432515186503,0.0769595583517924,1.286691206760826e-05,187.96655975187005,3.580773302673913,46.41578879872849,4.109431184751825
169.1858058501974,2.638737419347548,0.0766269436420145,9.845004558834824e-06,95.31878938740503,2.739797187059784,50.25736967434526,4.449546319226029
169.291696771325,2.759498910965578,0.0767195019694558,1.321257155773157e-05,121.10033907240516,3.6769679659735353,57.79443746533882,5.116842130058957
169.312575823421,2.802005725353547,0.0753955629770473,3.144072094685683e-06,-247.67467940807475,0.8749736812668876,59.641092366714126,5.280336092686484
168.9764880849883,2.916677515868466,0.0769168693471685,1.057657517495277e-05,176.07580152255613,2.943388267612088,43.743048404922455,3.87279957711763
168.9505943597164,2.982322688782559,0.0809692142931741,6.676120867800899e-06,1304.8314246452535,1.857918608849972,44.66563207042128,3.9544807072602977
168.9852413840249,2.969545256889231,0.0796036247040039,3.512810879590863e-06,924.4548900234773,0.977591153875008,45.90780146134274,4.064456423797871
168.9873478182958,2.981106774365317,0.0806962082947132,2.232385701794045e-06,1228.7872921701276,0.6212576164547434,46.406859590031374,4.108640635466232
169.0505085401334,2.979439193424519,0.0798167258704959,6.67487559842873e-06,983.8129020330324,1.8575720589319284,49.49896398122507,4.382400718846038
168.9649567013777,3.034805582652452,0.0793783375746727,6.548854394746167e-06,861.7025534287338,1.8225012230276905,47.282041692582986,4.186125058711901
169.0713330096867,2.974968085067416,0.080586768615539,9.803271805668095e-06,1198.3035463620633,2.7281832483306387,50.4161274042202,4.463601966729887
169.092213508765,2.987769541063299,0.0800594452090859,1.28497427430756e-05,1051.4208727079201,3.575995197516401,51.88421617922947,4.593579501317698
168.5839027554097,3.104280400243515,0.0811415367940158,1.524368017093005e-05,1352.8307915321639,4.242211550351591,36.744750979281264,3.253203908803012
168.6966830576056,3.225395387022928,0.0744854973994182,2.567266147155362e-05,-501.16781778757183,7.144525455905459,46.15328218613209,4.086190109076369
168.7814462126648,3.093607107236703,0.0759191079062272,7.986667943326866e-05,-101.84447723052017,22.22634863634564,42.11804411099328,3.728929495542906
168.8343333199882,3.124225763779534,0.0761963723690484,1.844878688809235e-05,-24.614175844156257,5.134170748077648,45.52615361040011,4.030667154653744
168.757050994887,3.161059117870483,0.0758347540521357,6.65674566275327e-06,-125.34072160421475,1.852526622287552,44.58579253804757,3.947412098224367
168.8514225944317,3.078783144279881,0.0807557863506114,5.752220063493029e-06,1245.3823911821435,1.6008033571872993,44.135416734976566,3.907537986033295
168.8561937637077,3.133216568590077,0.0787218084628778,4.674239433531976e-06,678.8304296198464,1.3008087477361714,46.77762986279381,4.141466856041214
168.8603275849509,3.155550823636919,0.0759206105875924,8.929331037887852e-06,-101.42591462952441,2.484971531879736,47.9669575645757,4.2467642230166005
168.8246988586513,3.241652058014731,0.0762124913332665,1.825968925643414e-05,-20.12433804838018,5.081546175259964,50.85242900893752,4.502230016942658
168.8577581548562,3.231002479800954,0.0750049076077398,3.12866178430321e-06,-356.4893165340603,0.8706850976725073,51.45983053337246,4.5560064329161625
168.8664274087829,3.286278714203381,0.0753580698747395,2.775582869481675e-06,-258.1181511811182,0.7724256594104847,54.47057041069671,4.822562892716993
168.6159327156053,3.363123789776095,0.0756160890321708,1.60226739082437e-05,-186.24851058918395,4.459000159993608,52.01670973347577,4.605309844756635
168.5502690427685,3.484774915358412,0.0754961194941234,1.145260883675531e-05,-219.66528346483125,3.187182422102591,58.091373253379935,5.143131399698137
168.8555634008458,3.312177864207671,0.0749167658224232,5.491421082623496e-06,-381.0406657241775,1.5282247910826054,55.40415940384419,4.905218381753655
168.8874447805248,3.395612849314458,0.0764173930263539,8.696300173356712e-06,36.949761353681204,2.420120641936005,60.65494458223736,5.370097702238511
168.944010028318,3.435766282037574,0.0774040695219985,7.898086326805584e-06,311.78239714882346,2.197983207830867,64.50907712976623,5.711324101506686
168.8409176812444,3.464026842132536,0.0760727231062425,8.453300638379399e-06,-59.055913294152056,2.35249553943768,62.83549428212082,5.563153107920809
168.8637055107503,3.506541478055659,0.0773519877782818,1.059221653396936e-05,297.2753495342769,2.947741150455295,65.72842051731368,5.819278913250523
168.9532402734258,3.247066276805637,0.0760873742855638,4.615799617709684e-06,-54.97491790391618,1.2845453481566838,55.747598188565526,4.935624803544893
168.9621851429364,3.248286253395985,0.0755461209216619,6.25738792558434e-06,-205.7376950560817,1.7413881054501872,56.150220246819565,4.971271028346386
168.9888831972612,3.249306345835344,0.0755201552876273,3.353903537844415e-05,-212.97026183285155,9.333683314965905,57.24794773928603,5.068458552390461
168.9631084048655,3.282387319427162,0.076899587646189,1.409345195055469e-05,171.26209059279714,3.92211093243637,57.75585988346707,5.113426656098931
168.9928842871429,3.277159039387909,0.0753734695598887,1.150498515901035e-05,-253.82866412162855,3.201758393045552,58.66256815755524,5.193702255274196
168.9655670026963,3.312990512238721,0.0751155977795885,1.56253779144557e-05,-325.6572537251447,4.348435412186187,59.2803428454214,5.248397061355722
168.9789704661549,3.304335008576651,0.076877446417136,3.750452699954371e-05,165.0947881717487,10.437252411746856,59.37688336578999,5.256944295718477
168.9642363160042,3.319031025107676,0.0757614831423634,1.504130453215399e-05,-145.7498803798815,4.185891799300739,59.5164043714884,5.26929681598332
169.0395452113598,3.318527251885674,0.0767532129394548,8.25108996909663e-06,130.4903212812997,2.296221698264368,62.36969577285865,5.52191354333917
168.9551126952504,3.379555314165192,0.077742734857986,6.041268117481594e-05,406.11553202408174,16.812434464234492,62.10086143429328,5.498112241174014
168.9569758805733,3.389426611438324,0.0770630386316298,4.867013015194297e-06,216.79035173036797,1.354456312206205,62.64837729824294,5.546586668167328
169.0171468354131,3.373030439577936,0.0773811637512127,1.320782632576687e-05,305.4021363563861,3.675647400491708,64.02231603981404,5.668228610632942
169.0475630693617,3.358794303449196,0.0765582275427507,5.881564653401719e-06,76.17834490981222,1.6367990686646714,64.51466414068138,5.7118187486403125
169.0941200497056,3.381327823630423,0.077002634581138,1.647070057668067e-05,199.96517703263672,4.583682906311875,67.35799275155208,5.963553418338076
169.0014421956506,3.452697899389339,0.0760988733799654,1.880810898205189e-05,-51.77191627409941,5.234167620237074,67.28563978897745,5.957147634263123
169.0064974279522,3.431908468531797,0.0790669269926402,3.779465093852805e-05,774.9610617115538,10.517991912391851,66.44881108117283,5.883058836525356
168.9964752345172,3.463294660094715,0.0776142242070131,2.314774576475021e-05,370.3196849652569,6.4418587471475535,67.6359043015993,5.988158373245103
169.0005088818847,3.470701561189161,0.0776582554522226,1.954654479081076e-05,382.5843160086515,5.439669236774794,68.1387889217554,6.032681364104157
169.1420631682399,3.421336105697975,0.0765241886661115,4.740049922676196e-05,66.69702633422058,13.191233551046926,71.0582273269898,6.29115442973395
169.1424928429799,3.423865830313864,0.0770732083722937,6.738264331330021e-06,219.6230700978867,1.8752127081623435,71.18872862839001,6.30270838866698
169.1428890410016,3.426400531716153,0.0776299137457627,1.200612183651007e-05,374.6899089525482,3.3412212903089245,71.31821658063681,6.314172630529164
169.0963976806115,3.494073761806282,0.0772132583075842,1.831647771546341e-05,258.63311343907486,5.097350013579799,72.66639927803409,6.433534256450277
169.2648583577582,3.409528690548954,0.076196941888869,5.269969753543901e-06,-24.455539620305107,1.4665964063665773,75.6569116305278,6.698299868277171
169.4695183791223,2.063966055914533,0.0751636411468551,1.882388559768767e-05,-312.2750708955755,5.238558144068925,72.66749664149575,6.43363141174478
169.411443658468,2.109771007896859,0.0767811970462184,2.665097539621701e-06,138.2851211535581,0.7416783505440727,68.39836582456677,6.055663057335309
169.4067450460175,2.149345079316826,0.0747669592284329,2.543708192750713e-06,-422.7683660064735,0.707896528594818,67.27974420134633,5.956625667227965
169.4072350983174,2.149690512626171,0.0748612499571855,1.113490761832248e-06,-396.5042666501884,0.3098768353893083,67.30015334547271,5.9584325949027415
169.4313237731453,2.250199045710045,0.074940423864552,2.477148801425548e-06,-374.4508644015406,0.6893735068902267,66.85678009163686,5.919178454814793
169.5082913487011,2.201017612146374,0.0753432697821908,1.149188350416244e-05,-262.24062542989816,3.198112292438527,72.09482841577817,6.382930115350033
169.576157239498,2.218555666263463,0.0750188116020423,3.980795852444446e-06,-352.61644490987163,1.1078281593073596,75.73729539964492,6.705416661422499
169.4039651404846,2.556020999838844,0.0751846803961405,1.504078501795605e-05,-306.4147181236373,4.185747222065691,62.97212558957364,5.575249788171031
169.4548263532738,2.625381824439474,0.0755874998500625,5.283140408340242e-06,-194.2118504566458,1.470261709185596,66.22235488244624,5.863009491483246
169.6153255780512,2.477880121999796,0.0800090287413039,7.083723211950127e-06,1037.3776774061475,1.971351543214321,75.71520341938651,6.7034607435127445
169.6077695677008,2.498136197045667,0.0748578425859139,3.019276154961935e-06,-397.4533688451249,0.8402438279114846,75.21497996505518,6.659173359504528
167.8260927885308,3.612934043092045,0.0748786566218712,8.93666143977106e-06,-391.6557478529043,2.48701153240382,71.89142051464789,6.364921355965283
167.8452600102846,3.682043460646717,0.0748314897966744,3.235378737618221e-05,-404.7937753098742,9.003836932147184,75.16484297726896,6.654734471219948
167.9534275744777,3.590614029248613,0.0772536304881834,3.363270052467303e-06,269.87853466462724,0.9359749682191008,67.62574125280729,5.987258585678869
168.0090378544428,3.585073274448009,0.0743352810202227,1.009755747624182e-05,-543.0096612044775,2.810080930308484,66.20165201839394,5.861176559255828
168.0610203267396,3.652214854856746,0.0760850565770994,1.216703217227293e-05,-55.62050126288695,3.386001532172429,69.18658144217403,6.125447885367628
168.5018307793825,3.649062458537567,0.0752459934169514,3.081216184610361e-06,-289.3363553650171,0.8574813129713434,67.32904535280919,5.960990554575762
168.567752481486,3.602707157774223,0.0752795906359589,1.292575976965564e-05,-279.9780577913161,3.597150214189881,65.23382203024087,5.7754895368484185
168.5984954621047,3.593150272582806,0.075290151700144,5.26039085506245e-06,-277.03633867709436,1.4639306646741512,65.06225261057445,5.760299603815411
168.6296563264978,3.595958177369041,0.0752531187509417,6.402406948690373e-06,-287.35163764839945,1.7817459040882295,65.67160715125,5.814248930474076
168.6724668008541,3.664970545802686,0.0754232529697046,1.905506656285509e-05,-239.96180320118546,5.302894219718485,70.33944064393103,6.227516506367947
168.7105117033614,3.64155255006775,0.0753685940779837,1.60826058837641e-05,-255.18669945401805,4.475678817374053,69.65398864346265,6.166829875820963
168.7465166580006,3.658863622662372,0.0758752571418103,1.036385367986187e-05,-114.0588364653126,2.884189335768609,71.32578064944468,6.31484231688045
168.9870074206633,3.53744440039761,0.0780461216856443,1.044673505544703e-05,490.62205658296034,2.9072546536494515,71.03239026298208,6.2888669400821815
168.1224489,1.8134567,0.0755,0.000297,-218.58439255175807,82.6530612244898,45.554547389874216,4.033181003622892
169.4112149,2.1096002,0.0767,0.000297,115.66818608974808,82.6530612244898,68.38949312563362,6.05487751115302
168.931976,2.1899678,0.076,0.000297,-79.3124847844645,82.6530612244898,40.43753717527122,3.5801454764283345
169.4810045,2.0625921,0.076,0.000297,-79.3124847844645,82.6530612244898,73.33394029969435,6.492635134890739
168.9114607,1.4318589,0.0752,0.000297,-302.1475372121327,82.6530612244898,74.25414552120857,6.574105689017474
